line_id,entry_id,account_id,department_id,debit_amount,credit_amount,description
1,1,9,1,52000.0,0,Salaries expense
2,1,1,1,0,52000.0,Cash paid for salaries
3,2,9,2,32000.0,0,Salaries expense
4,2,1,2,0,32000.0,Cash paid for salaries
5,3,9,3,38000.0,0,Salaries expense
6,3,1,3,0,38000.0,Cash paid for salaries
7,4,9,4,28000.0,0,Salaries expense
8,4,1,4,0,28000.0,Cash paid for salaries
9,5,10,4,8500,0,Monthly office rent
10,5,1,4,0,8500,Cash paid for rent
11,6,2,3,20112.08,0,Revenue received
12,6,7,3,0,20112.08,Sales revenue recognised
13,7,1,3,31770.89,0,Revenue received
14,7,7,3,0,31770.89,Sales revenue recognised
15,8,2,3,29443.3,0,Revenue received
16,8,7,3,0,29443.3,Sales revenue recognised
17,9,1,3,19403.23,0,Revenue received
18,9,7,3,0,19403.23,Sales revenue recognised
19,10,1,3,28653.62,0,Revenue received
20,10,7,3,0,28653.62,Sales revenue recognised
21,11,2,3,10572.74,0,AR for service
22,11,8,3,0,10572.74,Service revenue recognised
23,12,2,3,11456.32,0,AR for service
24,12,8,3,0,11456.32,Service revenue recognised
25,13,2,3,7299.43,0,AR for service
26,13,8,3,0,7299.43,Service revenue recognised
27,14,2,3,9642.79,0,AR for service
28,14,8,3,0,9642.79,Service revenue recognised
29,15,1,4,15557.43,0,Cash collected from customers
30,15,2,4,0,15557.43,Accounts receivable cleared
31,16,1,4,29144.26,0,Cash collected from customers
32,16,2,4,0,29144.26,Accounts receivable cleared
33,17,1,4,12044.21,0,Cash collected from customers
34,17,2,4,0,12044.21,Accounts receivable cleared
35,18,1,4,11934.33,0,Cash collected from customers
36,18,2,4,0,11934.33,Accounts receivable cleared
37,19,12,2,10914.72,0,Marketing campaign spend
38,19,4,2,0,10914.72,Payment for marketing
39,20,11,1,19297.32,0,Quarterly software licenses
40,20,1,1,0,19297.32,Cash paid for software
41,21,5,4,5000,0,Loan principal repayment
42,21,1,4,0,5000,Cash paid for loan
43,22,9,1,52000.0,0,Salaries expense
44,22,1,1,0,52000.0,Cash paid for salaries
45,23,9,2,32000.0,0,Salaries expense
46,23,1,2,0,32000.0,Cash paid for salaries
47,24,9,3,38000.0,0,Salaries expense
48,24,1,3,0,38000.0,Cash paid for salaries
49,25,9,4,28000.0,0,Salaries expense
50,25,1,4,0,28000.0,Cash paid for salaries
51,26,10,4,8500,0,Monthly office rent
52,26,1,4,0,8500,Cash paid for rent
53,27,1,3,35893.93,0,Revenue received
54,27,7,3,0,35893.93,Sales revenue recognised
55,28,2,3,23264.15,0,Revenue received
56,28,7,3,0,23264.15,Sales revenue recognised
57,29,2,3,14737.26,0,Revenue received
58,29,7,3,0,14737.26,Sales revenue recognised
59,30,1,3,40100.98,0,Revenue received
60,30,7,3,0,40100.98,Sales revenue recognised
61,31,2,3,16227.04,0,Revenue received
62,31,7,3,0,16227.04,Sales revenue recognised
63,32,2,3,9688.61,0,AR for service
64,32,8,3,0,9688.61,Service revenue recognised
65,33,2,3,10405.46,0,AR for service
66,33,8,3,0,10405.46,Service revenue recognised
67,34,2,3,17937.85,0,AR for service
68,34,8,3,0,17937.85,Service revenue recognised
69,35,2,3,17114.94,0,AR for service
70,35,8,3,0,17114.94,Service revenue recognised
71,36,1,4,20682.8,0,Cash collected from customers
72,36,2,4,0,20682.8,Accounts receivable cleared
73,37,1,4,13268.05,0,Cash collected from customers
74,37,2,4,0,13268.05,Accounts receivable cleared
75,38,1,4,15398.96,0,Cash collected from customers
76,38,2,4,0,15398.96,Accounts receivable cleared
77,39,12,2,14632.15,0,Marketing campaign spend
78,39,4,2,0,14632.15,Payment for marketing
79,40,5,4,5000,0,Loan principal repayment
80,40,1,4,0,5000,Cash paid for loan
81,41,9,1,52000.0,0,Salaries expense
82,41,1,1,0,52000.0,Cash paid for salaries
83,42,9,2,32000.0,0,Salaries expense
84,42,1,2,0,32000.0,Cash paid for salaries
85,43,9,3,38000.0,0,Salaries expense
86,43,1,3,0,38000.0,Cash paid for salaries
87,44,9,4,28000.0,0,Salaries expense
88,44,1,4,0,28000.0,Cash paid for salaries
89,45,10,4,8500,0,Monthly office rent
90,45,1,4,0,8500,Cash paid for rent
91,46,1,3,35688.67,0,Revenue received
92,46,7,3,0,35688.67,Sales revenue recognised
93,47,2,3,20729.0,0,Revenue received
94,47,7,3,0,20729.0,Sales revenue recognised
95,48,1,3,28813.86,0,Revenue received
96,48,7,3,0,28813.86,Sales revenue recognised
97,49,2,3,31196.84,0,Revenue received
98,49,7,3,0,31196.84,Sales revenue recognised
99,50,2,3,9385.94,0,AR for service
100,50,8,3,0,9385.94,Service revenue recognised
101,51,2,3,10973.4,0,AR for service
102,51,8,3,0,10973.4,Service revenue recognised
103,52,2,3,15446.35,0,AR for service
104,52,8,3,0,15446.35,Service revenue recognised
105,53,2,3,16144.17,0,AR for service
106,53,8,3,0,16144.17,Service revenue recognised
107,54,1,4,17239.93,0,Cash collected from customers
108,54,2,4,0,17239.93,Accounts receivable cleared
109,55,1,4,20190.53,0,Cash collected from customers
110,55,2,4,0,20190.53,Accounts receivable cleared
111,56,1,4,25115.64,0,Cash collected from customers
112,56,2,4,0,25115.64,Accounts receivable cleared
113,57,1,4,12192.98,0,Cash collected from customers
114,57,2,4,0,12192.98,Accounts receivable cleared
115,58,12,2,8927.81,0,Marketing campaign spend
116,58,1,2,0,8927.81,Payment for marketing
117,59,5,4,5000,0,Loan principal repayment
118,59,1,4,0,5000,Cash paid for loan
119,60,9,1,52000.0,0,Salaries expense
120,60,1,1,0,52000.0,Cash paid for salaries
121,61,9,2,32000.0,0,Salaries expense
122,61,1,2,0,32000.0,Cash paid for salaries
123,62,9,3,38000.0,0,Salaries expense
124,62,1,3,0,38000.0,Cash paid for salaries
125,63,9,4,28000.0,0,Salaries expense
126,63,1,4,0,28000.0,Cash paid for salaries
127,64,10,4,8500,0,Monthly office rent
128,64,1,4,0,8500,Cash paid for rent
129,65,1,3,30873.43,0,Revenue received
130,65,7,3,0,30873.43,Sales revenue recognised
131,66,1,3,43272.93,0,Revenue received
132,66,7,3,0,43272.93,Sales revenue recognised
133,67,1,3,35451.31,0,Revenue received
134,67,7,3,0,35451.31,Sales revenue recognised
135,68,2,3,38057.96,0,Revenue received
136,68,7,3,0,38057.96,Sales revenue recognised
137,69,1,3,28042.96,0,Revenue received
138,69,7,3,0,28042.96,Sales revenue recognised
139,70,2,3,24522.1,0,AR for service
140,70,8,3,0,24522.1,Service revenue recognised
141,71,2,3,11037.08,0,AR for service
142,71,8,3,0,11037.08,Service revenue recognised
143,72,2,3,9808.98,0,AR for service
144,72,8,3,0,9808.98,Service revenue recognised
145,73,2,3,13073.56,0,AR for service
146,73,8,3,0,13073.56,Service revenue recognised
147,74,1,4,13056.79,0,Cash collected from customers
148,74,2,4,0,13056.79,Accounts receivable cleared
149,75,1,4,13230.98,0,Cash collected from customers
150,75,2,4,0,13230.98,Accounts receivable cleared
151,76,1,4,28448.68,0,Cash collected from customers
152,76,2,4,0,28448.68,Accounts receivable cleared
153,77,12,2,8006.86,0,Marketing campaign spend
154,77,1,2,0,8006.86,Payment for marketing
155,78,11,1,13118.68,0,Quarterly software licenses
156,78,1,1,0,13118.68,Cash paid for software
157,79,5,4,5000,0,Loan principal repayment
158,79,1,4,0,5000,Cash paid for loan
159,80,9,1,52000.0,0,Salaries expense
160,80,1,1,0,52000.0,Cash paid for salaries
161,81,9,2,32000.0,0,Salaries expense
162,81,1,2,0,32000.0,Cash paid for salaries
163,82,9,3,38000.0,0,Salaries expense
164,82,1,3,0,38000.0,Cash paid for salaries
165,83,9,4,28000.0,0,Salaries expense
166,83,1,4,0,28000.0,Cash paid for salaries
167,84,10,4,8500,0,Monthly office rent
168,84,1,4,0,8500,Cash paid for rent
169,85,1,3,16737.75,0,Revenue received
170,85,7,3,0,16737.75,Sales revenue recognised
171,86,1,3,17362.71,0,Revenue received
172,86,7,3,0,17362.71,Sales revenue recognised
173,87,1,3,17076.38,0,Revenue received
174,87,7,3,0,17076.38,Sales revenue recognised
175,88,1,3,18772.82,0,Revenue received
176,88,7,3,0,18772.82,Sales revenue recognised
177,89,2,3,12505.96,0,AR for service
178,89,8,3,0,12505.96,Service revenue recognised
179,90,2,3,18312.1,0,AR for service
180,90,8,3,0,18312.1,Service revenue recognised
181,91,2,3,11600.57,0,AR for service
182,91,8,3,0,11600.57,Service revenue recognised
183,92,1,4,24258.98,0,Cash collected from customers
184,92,2,4,0,24258.98,Accounts receivable cleared
185,93,1,4,29902.99,0,Cash collected from customers
186,93,2,4,0,29902.99,Accounts receivable cleared
187,94,1,4,17468.41,0,Cash collected from customers
188,94,2,4,0,17468.41,Accounts receivable cleared
189,95,12,2,14210.91,0,Marketing campaign spend
190,95,4,2,0,14210.91,Payment for marketing
191,96,5,4,5000,0,Loan principal repayment
192,96,1,4,0,5000,Cash paid for loan
193,97,9,1,52000.0,0,Salaries expense
194,97,1,1,0,52000.0,Cash paid for salaries
195,98,9,2,32000.0,0,Salaries expense
196,98,1,2,0,32000.0,Cash paid for salaries
197,99,9,3,38000.0,0,Salaries expense
198,99,1,3,0,38000.0,Cash paid for salaries
199,100,9,4,28000.0,0,Salaries expense
200,100,1,4,0,28000.0,Cash paid for salaries
201,101,10,4,8500,0,Monthly office rent
202,101,1,4,0,8500,Cash paid for rent
203,102,2,3,21903.44,0,Revenue received
204,102,7,3,0,21903.44,Sales revenue recognised
205,103,2,3,36235.23,0,Revenue received
206,103,7,3,0,36235.23,Sales revenue recognised
207,104,1,3,42162.6,0,Revenue received
208,104,7,3,0,42162.6,Sales revenue recognised
209,105,2,3,30424.68,0,Revenue received
210,105,7,3,0,30424.68,Sales revenue recognised
211,106,2,3,21427.1,0,Revenue received
212,106,7,3,0,21427.1,Sales revenue recognised
213,107,1,3,41471.49,0,Revenue received
214,107,7,3,0,41471.49,Sales revenue recognised
215,108,2,3,21727.45,0,AR for service
216,108,8,3,0,21727.45,Service revenue recognised
217,109,2,3,9603.54,0,AR for service
218,109,8,3,0,9603.54,Service revenue recognised
219,110,2,3,15327.87,0,AR for service
220,110,8,3,0,15327.87,Service revenue recognised
221,111,2,3,14988.74,0,AR for service
222,111,8,3,0,14988.74,Service revenue recognised
223,112,1,4,23467.29,0,Cash collected from customers
224,112,2,4,0,23467.29,Accounts receivable cleared
225,113,1,4,11968.36,0,Cash collected from customers
226,113,2,4,0,11968.36,Accounts receivable cleared
227,114,1,4,24564.27,0,Cash collected from customers
228,114,2,4,0,24564.27,Accounts receivable cleared
229,115,12,2,18340.07,0,Marketing campaign spend
230,115,4,2,0,18340.07,Payment for marketing
231,116,5,4,5000,0,Loan principal repayment
232,116,1,4,0,5000,Cash paid for loan
233,117,9,1,52000.0,0,Salaries expense
234,117,1,1,0,52000.0,Cash paid for salaries
235,118,9,2,32000.0,0,Salaries expense
236,118,1,2,0,32000.0,Cash paid for salaries
237,119,9,3,38000.0,0,Salaries expense
238,119,1,3,0,38000.0,Cash paid for salaries
239,120,9,4,28000.0,0,Salaries expense
240,120,1,4,0,28000.0,Cash paid for salaries
241,121,10,4,8500,0,Monthly office rent
242,121,1,4,0,8500,Cash paid for rent
243,122,2,3,24524.17,0,Revenue received
244,122,7,3,0,24524.17,Sales revenue recognised
245,123,1,3,18124.62,0,Revenue received
246,123,7,3,0,18124.62,Sales revenue recognised
247,124,2,3,33085.25,0,Revenue received
248,124,7,3,0,33085.25,Sales revenue recognised
249,125,1,3,42084.87,0,Revenue received
250,125,7,3,0,42084.87,Sales revenue recognised
251,126,2,3,11368.65,0,AR for service
252,126,8,3,0,11368.65,Service revenue recognised
253,127,2,3,16992.25,0,AR for service
254,127,8,3,0,16992.25,Service revenue recognised
255,128,2,3,15558.57,0,AR for service
256,128,8,3,0,15558.57,Service revenue recognised
257,129,1,4,17579.46,0,Cash collected from customers
258,129,2,4,0,17579.46,Accounts receivable cleared
259,130,1,4,15304.06,0,Cash collected from customers
260,130,2,4,0,15304.06,Accounts receivable cleared
261,131,1,4,25702.59,0,Cash collected from customers
262,131,2,4,0,25702.59,Accounts receivable cleared
263,132,12,2,13729.89,0,Marketing campaign spend
264,132,1,2,0,13729.89,Payment for marketing
265,133,11,1,17557.68,0,Quarterly software licenses
266,133,1,1,0,17557.68,Cash paid for software
267,134,5,4,5000,0,Loan principal repayment
268,134,1,4,0,5000,Cash paid for loan
269,135,9,1,52000.0,0,Salaries expense
270,135,1,1,0,52000.0,Cash paid for salaries
271,136,9,2,32000.0,0,Salaries expense
272,136,1,2,0,32000.0,Cash paid for salaries
273,137,9,3,38000.0,0,Salaries expense
274,137,1,3,0,38000.0,Cash paid for salaries
275,138,9,4,28000.0,0,Salaries expense
276,138,1,4,0,28000.0,Cash paid for salaries
277,139,10,4,8500,0,Monthly office rent
278,139,1,4,0,8500,Cash paid for rent
279,140,1,3,46264.34,0,Revenue received
280,140,7,3,0,46264.34,Sales revenue recognised
281,141,2,3,17670.16,0,Revenue received
282,141,7,3,0,17670.16,Sales revenue recognised
283,142,1,3,34151.59,0,Revenue received
284,142,7,3,0,34151.59,Sales revenue recognised
285,143,2,3,32480.47,0,Revenue received
286,143,7,3,0,32480.47,Sales revenue recognised
287,144,2,3,23596.46,0,AR for service
288,144,8,3,0,23596.46,Service revenue recognised
289,145,2,3,19021.38,0,AR for service
290,145,8,3,0,19021.38,Service revenue recognised
291,146,2,3,23783.47,0,AR for service
292,146,8,3,0,23783.47,Service revenue recognised
293,147,1,4,28831.92,0,Cash collected from customers
294,147,2,4,0,28831.92,Accounts receivable cleared
295,148,1,4,14924.31,0,Cash collected from customers
296,148,2,4,0,14924.31,Accounts receivable cleared
297,149,1,4,10794.83,0,Cash collected from customers
298,149,2,4,0,10794.83,Accounts receivable cleared
299,150,12,2,13682.23,0,Marketing campaign spend
300,150,1,2,0,13682.23,Payment for marketing
301,151,5,4,5000,0,Loan principal repayment
302,151,1,4,0,5000,Cash paid for loan
303,152,9,1,52000.0,0,Salaries expense
304,152,1,1,0,52000.0,Cash paid for salaries
305,153,9,2,32000.0,0,Salaries expense
306,153,1,2,0,32000.0,Cash paid for salaries
307,154,9,3,38000.0,0,Salaries expense
308,154,1,3,0,38000.0,Cash paid for salaries
309,155,9,4,28000.0,0,Salaries expense
310,155,1,4,0,28000.0,Cash paid for salaries
311,156,10,4,8500,0,Monthly office rent
312,156,1,4,0,8500,Cash paid for rent
313,157,2,3,38310.04,0,Revenue received
314,157,7,3,0,38310.04,Sales revenue recognised
315,158,1,3,19872.67,0,Revenue received
316,158,7,3,0,19872.67,Sales revenue recognised
317,159,1,3,25709.58,0,Revenue received
318,159,7,3,0,25709.58,Sales revenue recognised
319,160,1,3,16043.44,0,Revenue received
320,160,7,3,0,16043.44,Sales revenue recognised
321,161,2,3,47127.04,0,Revenue received
322,161,7,3,0,47127.04,Sales revenue recognised
323,162,2,3,31685.37,0,Revenue received
324,162,7,3,0,31685.37,Sales revenue recognised
325,163,2,3,24094.97,0,AR for service
326,163,8,3,0,24094.97,Service revenue recognised
327,164,2,3,13487.02,0,AR for service
328,164,8,3,0,13487.02,Service revenue recognised
329,165,2,3,23282.35,0,AR for service
330,165,8,3,0,23282.35,Service revenue recognised
331,166,1,4,22233.56,0,Cash collected from customers
332,166,2,4,0,22233.56,Accounts receivable cleared
333,167,1,4,23079.53,0,Cash collected from customers
334,167,2,4,0,23079.53,Accounts receivable cleared
335,168,1,4,23357.26,0,Cash collected from customers
336,168,2,4,0,23357.26,Accounts receivable cleared
337,169,1,4,15987.58,0,Cash collected from customers
338,169,2,4,0,15987.58,Accounts receivable cleared
339,170,12,2,9705.19,0,Marketing campaign spend
340,170,1,2,0,9705.19,Payment for marketing
341,171,5,4,5000,0,Loan principal repayment
342,171,1,4,0,5000,Cash paid for loan
343,172,9,1,52000.0,0,Salaries expense
344,172,1,1,0,52000.0,Cash paid for salaries
345,173,9,2,32000.0,0,Salaries expense
346,173,1,2,0,32000.0,Cash paid for salaries
347,174,9,3,38000.0,0,Salaries expense
348,174,1,3,0,38000.0,Cash paid for salaries
349,175,9,4,28000.0,0,Salaries expense
350,175,1,4,0,28000.0,Cash paid for salaries
351,176,10,4,8500,0,Monthly office rent
352,176,1,4,0,8500,Cash paid for rent
353,177,2,3,22612.95,0,Revenue received
354,177,7,3,0,22612.95,Sales revenue recognised
355,178,2,3,42007.62,0,Revenue received
356,178,7,3,0,42007.62,Sales revenue recognised
357,179,1,3,46675.49,0,Revenue received
358,179,7,3,0,46675.49,Sales revenue recognised
359,180,1,3,48484.11,0,Revenue received
360,180,7,3,0,48484.11,Sales revenue recognised
361,181,1,3,39132.81,0,Revenue received
362,181,7,3,0,39132.81,Sales revenue recognised
363,182,1,3,17372.33,0,Revenue received
364,182,7,3,0,17372.33,Sales revenue recognised
365,183,2,3,12358.93,0,AR for service
366,183,8,3,0,12358.93,Service revenue recognised
367,184,2,3,19985.35,0,AR for service
368,184,8,3,0,19985.35,Service revenue recognised
369,185,2,3,20165.73,0,AR for service
370,185,8,3,0,20165.73,Service revenue recognised
371,186,2,3,10671.02,0,AR for service
372,186,8,3,0,10671.02,Service revenue recognised
373,187,1,4,20911.81,0,Cash collected from customers
374,187,2,4,0,20911.81,Accounts receivable cleared
375,188,1,4,17384.32,0,Cash collected from customers
376,188,2,4,0,17384.32,Accounts receivable cleared
377,189,1,4,12961.88,0,Cash collected from customers
378,189,2,4,0,12961.88,Accounts receivable cleared
379,190,12,2,9777.24,0,Marketing campaign spend
380,190,1,2,0,9777.24,Payment for marketing
381,191,11,1,19961.22,0,Quarterly software licenses
382,191,1,1,0,19961.22,Cash paid for software
383,192,5,4,5000,0,Loan principal repayment
384,192,1,4,0,5000,Cash paid for loan
385,193,9,1,52000.0,0,Salaries expense
386,193,1,1,0,52000.0,Cash paid for salaries
387,194,9,2,32000.0,0,Salaries expense
388,194,1,2,0,32000.0,Cash paid for salaries
389,195,9,3,38000.0,0,Salaries expense
390,195,1,3,0,38000.0,Cash paid for salaries
391,196,9,4,28000.0,0,Salaries expense
392,196,1,4,0,28000.0,Cash paid for salaries
393,197,10,4,8500,0,Monthly office rent
394,197,1,4,0,8500,Cash paid for rent
395,198,2,3,25858.78,0,Revenue received
396,198,7,3,0,25858.78,Sales revenue recognised
397,199,1,3,36565.98,0,Revenue received
398,199,7,3,0,36565.98,Sales revenue recognised
399,200,1,3,43106.98,0,Revenue received
400,200,7,3,0,43106.98,Sales revenue recognised
401,201,1,3,47078.9,0,Revenue received
402,201,7,3,0,47078.9,Sales revenue recognised
403,202,1,3,23358.31,0,Revenue received
404,202,7,3,0,23358.31,Sales revenue recognised
405,203,2,3,42661.47,0,Revenue received
406,203,7,3,0,42661.47,Sales revenue recognised
407,204,2,3,24883.7,0,AR for service
408,204,8,3,0,24883.7,Service revenue recognised
409,205,2,3,23570.37,0,AR for service
410,205,8,3,0,23570.37,Service revenue recognised
411,206,2,3,14416.05,0,AR for service
412,206,8,3,0,14416.05,Service revenue recognised
413,207,2,3,22909.99,0,AR for service
414,207,8,3,0,22909.99,Service revenue recognised
415,208,1,4,27171.87,0,Cash collected from customers
416,208,2,4,0,27171.87,Accounts receivable cleared
417,209,1,4,13991.46,0,Cash collected from customers
418,209,2,4,0,13991.46,Accounts receivable cleared
419,210,1,4,19206.06,0,Cash collected from customers
420,210,2,4,0,19206.06,Accounts receivable cleared
421,211,12,2,20523.4,0,Marketing campaign spend
422,211,1,2,0,20523.4,Payment for marketing
423,212,5,4,5000,0,Loan principal repayment
424,212,1,4,0,5000,Cash paid for loan
425,213,9,1,52000.0,0,Salaries expense
426,213,1,1,0,52000.0,Cash paid for salaries
427,214,9,2,32000.0,0,Salaries expense
428,214,1,2,0,32000.0,Cash paid for salaries
429,215,9,3,38000.0,0,Salaries expense
430,215,1,3,0,38000.0,Cash paid for salaries
431,216,9,4,28000.0,0,Salaries expense
432,216,1,4,0,28000.0,Cash paid for salaries
433,217,10,4,8500,0,Monthly office rent
434,217,1,4,0,8500,Cash paid for rent
435,218,2,3,26861.81,0,Revenue received
436,218,7,3,0,26861.81,Sales revenue recognised
437,219,1,3,26879.81,0,Revenue received
438,219,7,3,0,26879.81,Sales revenue recognised
439,220,1,3,40693.38,0,Revenue received
440,220,7,3,0,40693.38,Sales revenue recognised
441,221,2,3,49653.68,0,Revenue received
442,221,7,3,0,49653.68,Sales revenue recognised
443,222,1,3,23410.59,0,Revenue received
444,222,7,3,0,23410.59,Sales revenue recognised
445,223,2,3,11319.27,0,AR for service
446,223,8,3,0,11319.27,Service revenue recognised
447,224,2,3,15958.18,0,AR for service
448,224,8,3,0,15958.18,Service revenue recognised
449,225,2,3,15332.39,0,AR for service
450,225,8,3,0,15332.39,Service revenue recognised
451,226,1,4,17703.91,0,Cash collected from customers
452,226,2,4,0,17703.91,Accounts receivable cleared
453,227,1,4,13801.58,0,Cash collected from customers
454,227,2,4,0,13801.58,Accounts receivable cleared
455,228,1,4,24175.71,0,Cash collected from customers
456,228,2,4,0,24175.71,Accounts receivable cleared
457,229,12,2,16374.9,0,Marketing campaign spend
458,229,1,2,0,16374.9,Payment for marketing
459,230,5,4,5000,0,Loan principal repayment
460,230,1,4,0,5000,Cash paid for loan
461,231,9,1,54600.0,0,Salaries expense
462,231,1,1,0,54600.0,Cash paid for salaries
463,232,9,2,33600.0,0,Salaries expense
464,232,1,2,0,33600.0,Cash paid for salaries
465,233,9,3,39900.0,0,Salaries expense
466,233,1,3,0,39900.0,Cash paid for salaries
467,234,9,4,29400.0,0,Salaries expense
468,234,1,4,0,29400.0,Cash paid for salaries
469,235,10,4,8500,0,Monthly office rent
470,235,1,4,0,8500,Cash paid for rent
471,236,1,3,22583.94,0,Revenue received
472,236,7,3,0,22583.94,Sales revenue recognised
473,237,2,3,37721.3,0,Revenue received
474,237,7,3,0,37721.3,Sales revenue recognised
475,238,2,3,37693.75,0,Revenue received
476,238,7,3,0,37693.75,Sales revenue recognised
477,239,2,3,25930.44,0,Revenue received
478,239,7,3,0,25930.44,Sales revenue recognised
479,240,1,3,26768.33,0,Revenue received
480,240,7,3,0,26768.33,Sales revenue recognised
481,241,1,3,20324.12,0,Revenue received
482,241,7,3,0,20324.12,Sales revenue recognised
483,242,2,3,21075.56,0,AR for service
484,242,8,3,0,21075.56,Service revenue recognised
485,243,2,3,11835.14,0,AR for service
486,243,8,3,0,11835.14,Service revenue recognised
487,244,2,3,14165.44,0,AR for service
488,244,8,3,0,14165.44,Service revenue recognised
489,245,2,3,23947.19,0,AR for service
490,245,8,3,0,23947.19,Service revenue recognised
491,246,1,4,17044.38,0,Cash collected from customers
492,246,2,4,0,17044.38,Accounts receivable cleared
493,247,1,4,25919.63,0,Cash collected from customers
494,247,2,4,0,25919.63,Accounts receivable cleared
495,248,1,4,19733.98,0,Cash collected from customers
496,248,2,4,0,19733.98,Accounts receivable cleared
497,249,1,4,22611.84,0,Cash collected from customers
498,249,2,4,0,22611.84,Accounts receivable cleared
499,250,12,2,15264.81,0,Marketing campaign spend
500,250,1,2,0,15264.81,Payment for marketing
501,251,11,1,23952.3,0,Quarterly software licenses
502,251,1,1,0,23952.3,Cash paid for software
503,252,5,4,5000,0,Loan principal repayment
504,252,1,4,0,5000,Cash paid for loan
505,253,9,1,54600.0,0,Salaries expense
506,253,1,1,0,54600.0,Cash paid for salaries
507,254,9,2,33600.0,0,Salaries expense
508,254,1,2,0,33600.0,Cash paid for salaries
509,255,9,3,39900.0,0,Salaries expense
510,255,1,3,0,39900.0,Cash paid for salaries
511,256,9,4,29400.0,0,Salaries expense
512,256,1,4,0,29400.0,Cash paid for salaries
513,257,10,4,8500,0,Monthly office rent
514,257,1,4,0,8500,Cash paid for rent
515,258,2,3,36707.28,0,Revenue received
516,258,7,3,0,36707.28,Sales revenue recognised
517,259,2,3,47044.79,0,Revenue received
518,259,7,3,0,47044.79,Sales revenue recognised
519,260,2,3,23478.36,0,Revenue received
520,260,7,3,0,23478.36,Sales revenue recognised
521,261,1,3,17697.32,0,Revenue received
522,261,7,3,0,17697.32,Sales revenue recognised
523,262,2,3,43731.5,0,Revenue received
524,262,7,3,0,43731.5,Sales revenue recognised
525,263,1,3,44910.84,0,Revenue received
526,263,7,3,0,44910.84,Sales revenue recognised
527,264,2,3,17716.76,0,AR for service
528,264,8,3,0,17716.76,Service revenue recognised
529,265,2,3,11349.41,0,AR for service
530,265,8,3,0,11349.41,Service revenue recognised
531,266,2,3,8741.8,0,AR for service
532,266,8,3,0,8741.8,Service revenue recognised
533,267,2,3,24437.69,0,AR for service
534,267,8,3,0,24437.69,Service revenue recognised
535,268,1,4,30682.09,0,Cash collected from customers
536,268,2,4,0,30682.09,Accounts receivable cleared
537,269,1,4,16221.28,0,Cash collected from customers
538,269,2,4,0,16221.28,Accounts receivable cleared
539,270,1,4,24430.99,0,Cash collected from customers
540,270,2,4,0,24430.99,Accounts receivable cleared
541,271,12,2,15863.98,0,Marketing campaign spend
542,271,1,2,0,15863.98,Payment for marketing
543,272,5,4,5000,0,Loan principal repayment
544,272,1,4,0,5000,Cash paid for loan
545,273,9,1,54600.0,0,Salaries expense
546,273,1,1,0,54600.0,Cash paid for salaries
547,274,9,2,33600.0,0,Salaries expense
548,274,1,2,0,33600.0,Cash paid for salaries
549,275,9,3,39900.0,0,Salaries expense
550,275,1,3,0,39900.0,Cash paid for salaries
551,276,9,4,29400.0,0,Salaries expense
552,276,1,4,0,29400.0,Cash paid for salaries
553,277,10,4,8500,0,Monthly office rent
554,277,1,4,0,8500,Cash paid for rent
555,278,1,3,33408.67,0,Revenue received
556,278,7,3,0,33408.67,Sales revenue recognised
557,279,1,3,46981.28,0,Revenue received
558,279,7,3,0,46981.28,Sales revenue recognised
559,280,1,3,42606.21,0,Revenue received
560,280,7,3,0,42606.21,Sales revenue recognised
561,281,1,3,43110.44,0,Revenue received
562,281,7,3,0,43110.44,Sales revenue recognised
563,282,1,3,21356.72,0,Revenue received
564,282,7,3,0,21356.72,Sales revenue recognised
565,283,2,3,24597.81,0,Revenue received
566,283,7,3,0,24597.81,Sales revenue recognised
567,284,2,3,22700.34,0,AR for service
568,284,8,3,0,22700.34,Service revenue recognised
569,285,2,3,17537.2,0,AR for service
570,285,8,3,0,17537.2,Service revenue recognised
571,286,2,3,13681.61,0,AR for service
572,286,8,3,0,13681.61,Service revenue recognised
573,287,2,3,21740.68,0,AR for service
574,287,8,3,0,21740.68,Service revenue recognised
575,288,1,4,20060.34,0,Cash collected from customers
576,288,2,4,0,20060.34,Accounts receivable cleared
577,289,1,4,24963.65,0,Cash collected from customers
578,289,2,4,0,24963.65,Accounts receivable cleared
579,290,1,4,15619.94,0,Cash collected from customers
580,290,2,4,0,15619.94,Accounts receivable cleared
581,291,1,4,28654.8,0,Cash collected from customers
582,291,2,4,0,28654.8,Accounts receivable cleared
583,292,12,2,11412.83,0,Marketing campaign spend
584,292,1,2,0,11412.83,Payment for marketing
585,293,5,4,5000,0,Loan principal repayment
586,293,1,4,0,5000,Cash paid for loan
587,294,9,1,54600.0,0,Salaries expense
588,294,1,1,0,54600.0,Cash paid for salaries
589,295,9,2,33600.0,0,Salaries expense
590,295,1,2,0,33600.0,Cash paid for salaries
591,296,9,3,39900.0,0,Salaries expense
592,296,1,3,0,39900.0,Cash paid for salaries
593,297,9,4,29400.0,0,Salaries expense
594,297,1,4,0,29400.0,Cash paid for salaries
595,298,10,4,8500,0,Monthly office rent
596,298,1,4,0,8500,Cash paid for rent
597,299,2,3,47984.08,0,Revenue received
598,299,7,3,0,47984.08,Sales revenue recognised
599,300,1,3,39026.86,0,Revenue received
600,300,7,3,0,39026.86,Sales revenue recognised
601,301,1,3,49703.64,0,Revenue received
602,301,7,3,0,49703.64,Sales revenue recognised
603,302,2,3,18212.26,0,Revenue received
604,302,7,3,0,18212.26,Sales revenue recognised
605,303,2,3,27010.34,0,AR for service
606,303,8,3,0,27010.34,Service revenue recognised
607,304,2,3,18148.03,0,AR for service
608,304,8,3,0,18148.03,Service revenue recognised
609,305,2,3,24586.53,0,AR for service
610,305,8,3,0,24586.53,Service revenue recognised
611,306,2,3,21906.35,0,AR for service
612,306,8,3,0,21906.35,Service revenue recognised
613,307,1,4,17266.12,0,Cash collected from customers
614,307,2,4,0,17266.12,Accounts receivable cleared
615,308,1,4,23655.41,0,Cash collected from customers
616,308,2,4,0,23655.41,Accounts receivable cleared
617,309,1,4,20067.11,0,Cash collected from customers
618,309,2,4,0,20067.11,Accounts receivable cleared
619,310,1,4,31155.42,0,Cash collected from customers
620,310,2,4,0,31155.42,Accounts receivable cleared
621,311,12,2,11976.64,0,Marketing campaign spend
622,311,1,2,0,11976.64,Payment for marketing
623,312,11,1,26168.66,0,Quarterly software licenses
624,312,1,1,0,26168.66,Cash paid for software
625,313,5,4,5000,0,Loan principal repayment
626,313,1,4,0,5000,Cash paid for loan
627,314,9,1,54600.0,0,Salaries expense
628,314,1,1,0,54600.0,Cash paid for salaries
629,315,9,2,33600.0,0,Salaries expense
630,315,1,2,0,33600.0,Cash paid for salaries
631,316,9,3,39900.0,0,Salaries expense
632,316,1,3,0,39900.0,Cash paid for salaries
633,317,9,4,29400.0,0,Salaries expense
634,317,1,4,0,29400.0,Cash paid for salaries
635,318,10,4,8500,0,Monthly office rent
636,318,1,4,0,8500,Cash paid for rent
637,319,2,3,41867.99,0,Revenue received
638,319,7,3,0,41867.99,Sales revenue recognised
639,320,1,3,22885.18,0,Revenue received
640,320,7,3,0,22885.18,Sales revenue recognised
641,321,2,3,27365.63,0,Revenue received
642,321,7,3,0,27365.63,Sales revenue recognised
643,322,1,3,29766.45,0,Revenue received
644,322,7,3,0,29766.45,Sales revenue recognised
645,323,1,3,28017.24,0,Revenue received
646,323,7,3,0,28017.24,Sales revenue recognised
647,324,2,3,27081.78,0,Revenue received
648,324,7,3,0,27081.78,Sales revenue recognised
649,325,2,3,29998.12,0,AR for service
650,325,8,3,0,29998.12,Service revenue recognised
651,326,2,3,14174.13,0,AR for service
652,326,8,3,0,14174.13,Service revenue recognised
653,327,2,3,25537.15,0,AR for service
654,327,8,3,0,25537.15,Service revenue recognised
655,328,1,4,30101.6,0,Cash collected from customers
656,328,2,4,0,30101.6,Accounts receivable cleared
657,329,1,4,17934.8,0,Cash collected from customers
658,329,2,4,0,17934.8,Accounts receivable cleared
659,330,1,4,12489.12,0,Cash collected from customers
660,330,2,4,0,12489.12,Accounts receivable cleared
661,331,12,2,13035.05,0,Marketing campaign spend
662,331,1,2,0,13035.05,Payment for marketing
663,332,5,4,5000,0,Loan principal repayment
664,332,1,4,0,5000,Cash paid for loan
665,333,9,1,54600.0,0,Salaries expense
666,333,1,1,0,54600.0,Cash paid for salaries
667,334,9,2,33600.0,0,Salaries expense
668,334,1,2,0,33600.0,Cash paid for salaries
669,335,9,3,39900.0,0,Salaries expense
670,335,1,3,0,39900.0,Cash paid for salaries
671,336,9,4,29400.0,0,Salaries expense
672,336,1,4,0,29400.0,Cash paid for salaries
673,337,10,4,8500,0,Monthly office rent
674,337,1,4,0,8500,Cash paid for rent
675,338,2,3,45608.33,0,Revenue received
676,338,7,3,0,45608.33,Sales revenue recognised
677,339,1,3,52694.45,0,Revenue received
678,339,7,3,0,52694.45,Sales revenue recognised
679,340,1,3,47494.84,0,Revenue received
680,340,7,3,0,47494.84,Sales revenue recognised
681,341,1,3,38832.65,0,Revenue received
682,341,7,3,0,38832.65,Sales revenue recognised
683,342,1,3,42384.5,0,Revenue received
684,342,7,3,0,42384.5,Sales revenue recognised
685,343,2,3,11150.33,0,AR for service
686,343,8,3,0,11150.33,Service revenue recognised
687,344,2,3,26543.66,0,AR for service
688,344,8,3,0,26543.66,Service revenue recognised
689,345,2,3,11678.79,0,AR for service
690,345,8,3,0,11678.79,Service revenue recognised
691,346,1,4,32407.04,0,Cash collected from customers
692,346,2,4,0,32407.04,Accounts receivable cleared
693,347,1,4,31332.67,0,Cash collected from customers
694,347,2,4,0,31332.67,Accounts receivable cleared
695,348,1,4,35612.26,0,Cash collected from customers
696,348,2,4,0,35612.26,Accounts receivable cleared
697,349,1,4,12985.66,0,Cash collected from customers
698,349,2,4,0,12985.66,Accounts receivable cleared
699,350,12,2,15768.64,0,Marketing campaign spend
700,350,1,2,0,15768.64,Payment for marketing
701,351,5,4,5000,0,Loan principal repayment
702,351,1,4,0,5000,Cash paid for loan
703,352,9,1,54600.0,0,Salaries expense
704,352,1,1,0,54600.0,Cash paid for salaries
705,353,9,2,33600.0,0,Salaries expense
706,353,1,2,0,33600.0,Cash paid for salaries
707,354,9,3,39900.0,0,Salaries expense
708,354,1,3,0,39900.0,Cash paid for salaries
709,355,9,4,29400.0,0,Salaries expense
710,355,1,4,0,29400.0,Cash paid for salaries
711,356,10,4,8500,0,Monthly office rent
712,356,1,4,0,8500,Cash paid for rent
713,357,2,3,49984.11,0,Revenue received
714,357,7,3,0,49984.11,Sales revenue recognised
715,358,1,3,32590.71,0,Revenue received
716,358,7,3,0,32590.71,Sales revenue recognised
717,359,1,3,45636.27,0,Revenue received
718,359,7,3,0,45636.27,Sales revenue recognised
719,360,1,3,38622.03,0,Revenue received
720,360,7,3,0,38622.03,Sales revenue recognised
721,361,1,3,49449.93,0,Revenue received
722,361,7,3,0,49449.93,Sales revenue recognised
723,362,2,3,19410.01,0,AR for service
724,362,8,3,0,19410.01,Service revenue recognised
725,363,2,3,22770.81,0,AR for service
726,363,8,3,0,22770.81,Service revenue recognised
727,364,2,3,28323.7,0,AR for service
728,364,8,3,0,28323.7,Service revenue recognised
729,365,2,3,30099.6,0,AR for service
730,365,8,3,0,30099.6,Service revenue recognised
731,366,1,4,17852.72,0,Cash collected from customers
732,366,2,4,0,17852.72,Accounts receivable cleared
733,367,1,4,25676.39,0,Cash collected from customers
734,367,2,4,0,25676.39,Accounts receivable cleared
735,368,1,4,21095.74,0,Cash collected from customers
736,368,2,4,0,21095.74,Accounts receivable cleared
737,369,1,4,23863.36,0,Cash collected from customers
738,369,2,4,0,23863.36,Accounts receivable cleared
739,370,12,2,12829.42,0,Marketing campaign spend
740,370,4,2,0,12829.42,Payment for marketing
741,371,11,1,17500.23,0,Quarterly software licenses
742,371,1,1,0,17500.23,Cash paid for software
743,372,5,4,5000,0,Loan principal repayment
744,372,1,4,0,5000,Cash paid for loan
745,373,9,1,54600.0,0,Salaries expense
746,373,1,1,0,54600.0,Cash paid for salaries
747,374,9,2,33600.0,0,Salaries expense
748,374,1,2,0,33600.0,Cash paid for salaries
749,375,9,3,39900.0,0,Salaries expense
750,375,1,3,0,39900.0,Cash paid for salaries
751,376,9,4,29400.0,0,Salaries expense
752,376,1,4,0,29400.0,Cash paid for salaries
753,377,10,4,8500,0,Monthly office rent
754,377,1,4,0,8500,Cash paid for rent
755,378,1,3,39908.9,0,Revenue received
756,378,7,3,0,39908.9,Sales revenue recognised
757,379,1,3,22136.17,0,Revenue received
758,379,7,3,0,22136.17,Sales revenue recognised
759,380,2,3,39885.66,0,Revenue received
760,380,7,3,0,39885.66,Sales revenue recognised
761,381,1,3,43315.13,0,Revenue received
762,381,7,3,0,43315.13,Sales revenue recognised
763,382,2,3,19551.8,0,Revenue received
764,382,7,3,0,19551.8,Sales revenue recognised
765,383,2,3,16638.93,0,AR for service
766,383,8,3,0,16638.93,Service revenue recognised
767,384,2,3,17984.42,0,AR for service
768,384,8,3,0,17984.42,Service revenue recognised
769,385,2,3,21452.35,0,AR for service
770,385,8,3,0,21452.35,Service revenue recognised
771,386,1,4,20443.45,0,Cash collected from customers
772,386,2,4,0,20443.45,Accounts receivable cleared
773,387,1,4,18501.99,0,Cash collected from customers
774,387,2,4,0,18501.99,Accounts receivable cleared
775,388,1,4,17532.91,0,Cash collected from customers
776,388,2,4,0,17532.91,Accounts receivable cleared
777,389,1,4,16622.02,0,Cash collected from customers
778,389,2,4,0,16622.02,Accounts receivable cleared
779,390,12,2,21312.36,0,Marketing campaign spend
780,390,1,2,0,21312.36,Payment for marketing
781,391,5,4,5000,0,Loan principal repayment
782,391,1,4,0,5000,Cash paid for loan
783,392,9,1,54600.0,0,Salaries expense
784,392,1,1,0,54600.0,Cash paid for salaries
785,393,9,2,33600.0,0,Salaries expense
786,393,1,2,0,33600.0,Cash paid for salaries
787,394,9,3,39900.0,0,Salaries expense
788,394,1,3,0,39900.0,Cash paid for salaries
789,395,9,4,29400.0,0,Salaries expense
790,395,1,4,0,29400.0,Cash paid for salaries
791,396,10,4,8500,0,Monthly office rent
792,396,1,4,0,8500,Cash paid for rent
793,397,1,3,29351.69,0,Revenue received
794,397,7,3,0,29351.69,Sales revenue recognised
795,398,2,3,38731.27,0,Revenue received
796,398,7,3,0,38731.27,Sales revenue recognised
797,399,2,3,50373.35,0,Revenue received
798,399,7,3,0,50373.35,Sales revenue recognised
799,400,2,3,25682.89,0,Revenue received
800,400,7,3,0,25682.89,Sales revenue recognised
801,401,2,3,23684.84,0,Revenue received
802,401,7,3,0,23684.84,Sales revenue recognised
803,402,2,3,25018.68,0,AR for service
804,402,8,3,0,25018.68,Service revenue recognised
805,403,2,3,23743.17,0,AR for service
806,403,8,3,0,23743.17,Service revenue recognised
807,404,2,3,20594.62,0,AR for service
808,404,8,3,0,20594.62,Service revenue recognised
809,405,2,3,10342.72,0,AR for service
810,405,8,3,0,10342.72,Service revenue recognised
811,406,1,4,23489.14,0,Cash collected from customers
812,406,2,4,0,23489.14,Accounts receivable cleared
813,407,1,4,16424.73,0,Cash collected from customers
814,407,2,4,0,16424.73,Accounts receivable cleared
815,408,1,4,18059.48,0,Cash collected from customers
816,408,2,4,0,18059.48,Accounts receivable cleared
817,409,1,4,23465.5,0,Cash collected from customers
818,409,2,4,0,23465.5,Accounts receivable cleared
819,410,12,2,11067.99,0,Marketing campaign spend
820,410,1,2,0,11067.99,Payment for marketing
821,411,5,4,5000,0,Loan principal repayment
822,411,1,4,0,5000,Cash paid for loan
823,412,9,1,54600.0,0,Salaries expense
824,412,1,1,0,54600.0,Cash paid for salaries
825,413,9,2,33600.0,0,Salaries expense
826,413,1,2,0,33600.0,Cash paid for salaries
827,414,9,3,39900.0,0,Salaries expense
828,414,1,3,0,39900.0,Cash paid for salaries
829,415,9,4,29400.0,0,Salaries expense
830,415,1,4,0,29400.0,Cash paid for salaries
831,416,10,4,8500,0,Monthly office rent
832,416,1,4,0,8500,Cash paid for rent
833,417,1,3,54281.28,0,Revenue received
834,417,7,3,0,54281.28,Sales revenue recognised
835,418,2,3,61848.21,0,Revenue received
836,418,7,3,0,61848.21,Sales revenue recognised
837,419,1,3,37929.6,0,Revenue received
838,419,7,3,0,37929.6,Sales revenue recognised
839,420,1,3,30043.45,0,Revenue received
840,420,7,3,0,30043.45,Sales revenue recognised
841,421,2,3,18015.9,0,AR for service
842,421,8,3,0,18015.9,Service revenue recognised
843,422,2,3,34266.13,0,AR for service
844,422,8,3,0,34266.13,Service revenue recognised
845,423,2,3,24380.05,0,AR for service
846,423,8,3,0,24380.05,Service revenue recognised
847,424,2,3,25341.94,0,AR for service
848,424,8,3,0,25341.94,Service revenue recognised
849,425,1,4,34742.16,0,Cash collected from customers
850,425,2,4,0,34742.16,Accounts receivable cleared
851,426,1,4,27012.36,0,Cash collected from customers
852,426,2,4,0,27012.36,Accounts receivable cleared
853,427,1,4,27850.28,0,Cash collected from customers
854,427,2,4,0,27850.28,Accounts receivable cleared
855,428,12,2,15012.17,0,Marketing campaign spend
856,428,1,2,0,15012.17,Payment for marketing
857,429,11,1,14432.11,0,Quarterly software licenses
858,429,1,1,0,14432.11,Cash paid for software
859,430,5,4,5000,0,Loan principal repayment
860,430,1,4,0,5000,Cash paid for loan
861,431,9,1,54600.0,0,Salaries expense
862,431,1,1,0,54600.0,Cash paid for salaries
863,432,9,2,33600.0,0,Salaries expense
864,432,1,2,0,33600.0,Cash paid for salaries
865,433,9,3,39900.0,0,Salaries expense
866,433,1,3,0,39900.0,Cash paid for salaries
867,434,9,4,29400.0,0,Salaries expense
868,434,1,4,0,29400.0,Cash paid for salaries
869,435,10,4,8500,0,Monthly office rent
870,435,1,4,0,8500,Cash paid for rent
871,436,1,3,30283.12,0,Revenue received
872,436,7,3,0,30283.12,Sales revenue recognised
873,437,2,3,56287.72,0,Revenue received
874,437,7,3,0,56287.72,Sales revenue recognised
875,438,1,3,58949.92,0,Revenue received
876,438,7,3,0,58949.92,Sales revenue recognised
877,439,1,3,45117.29,0,Revenue received
878,439,7,3,0,45117.29,Sales revenue recognised
879,440,2,3,13732.65,0,AR for service
880,440,8,3,0,13732.65,Service revenue recognised
881,441,2,3,26233.51,0,AR for service
882,441,8,3,0,26233.51,Service revenue recognised
883,442,2,3,17271.74,0,AR for service
884,442,8,3,0,17271.74,Service revenue recognised
885,443,2,3,12715.27,0,AR for service
886,443,8,3,0,12715.27,Service revenue recognised
887,444,1,4,26281.06,0,Cash collected from customers
888,444,2,4,0,26281.06,Accounts receivable cleared
889,445,1,4,25660.97,0,Cash collected from customers
890,445,2,4,0,25660.97,Accounts receivable cleared
891,446,1,4,22539.68,0,Cash collected from customers
892,446,2,4,0,22539.68,Accounts receivable cleared
893,447,1,4,28528.27,0,Cash collected from customers
894,447,2,4,0,28528.27,Accounts receivable cleared
895,448,12,2,17705.54,0,Marketing campaign spend
896,448,4,2,0,17705.54,Payment for marketing
897,449,5,4,5000,0,Loan principal repayment
898,449,1,4,0,5000,Cash paid for loan
899,450,9,1,54600.0,0,Salaries expense
900,450,1,1,0,54600.0,Cash paid for salaries
901,451,9,2,33600.0,0,Salaries expense
902,451,1,2,0,33600.0,Cash paid for salaries
903,452,9,3,39900.0,0,Salaries expense
904,452,1,3,0,39900.0,Cash paid for salaries
905,453,9,4,29400.0,0,Salaries expense
906,453,1,4,0,29400.0,Cash paid for salaries
907,454,10,4,8500,0,Monthly office rent
908,454,1,4,0,8500,Cash paid for rent
909,455,1,3,57522.11,0,Revenue received
910,455,7,3,0,57522.11,Sales revenue recognised
911,456,2,3,31065.23,0,Revenue received
912,456,7,3,0,31065.23,Sales revenue recognised
913,457,1,3,48615.95,0,Revenue received
914,457,7,3,0,48615.95,Sales revenue recognised
915,458,1,3,60062.55,0,Revenue received
916,458,7,3,0,60062.55,Sales revenue recognised
917,459,2,3,24558.75,0,AR for service
918,459,8,3,0,24558.75,Service revenue recognised
919,460,2,3,28782.07,0,AR for service
920,460,8,3,0,28782.07,Service revenue recognised
921,461,2,3,23214.89,0,AR for service
922,461,8,3,0,23214.89,Service revenue recognised
923,462,2,3,32531.07,0,AR for service
924,462,8,3,0,32531.07,Service revenue recognised
925,463,1,4,27234.83,0,Cash collected from customers
926,463,2,4,0,27234.83,Accounts receivable cleared
927,464,1,4,35257.33,0,Cash collected from customers
928,464,2,4,0,35257.33,Accounts receivable cleared
929,465,1,4,20351.07,0,Cash collected from customers
930,465,2,4,0,20351.07,Accounts receivable cleared
931,466,1,4,19705.4,0,Cash collected from customers
932,466,2,4,0,19705.4,Accounts receivable cleared
933,467,12,2,25244.06,0,Marketing campaign spend
934,467,1,2,0,25244.06,Payment for marketing
935,468,5,4,5000,0,Loan principal repayment
936,468,1,4,0,5000,Cash paid for loan
937,469,9,1,57200.0,0,Salaries expense
938,469,1,1,0,57200.0,Cash paid for salaries
939,470,9,2,35200.0,0,Salaries expense
940,470,1,2,0,35200.0,Cash paid for salaries
941,471,9,3,41800.0,0,Salaries expense
942,471,1,3,0,41800.0,Cash paid for salaries
943,472,9,4,30800.0,0,Salaries expense
944,472,1,4,0,30800.0,Cash paid for salaries
945,473,10,4,8500,0,Monthly office rent
946,473,1,4,0,8500,Cash paid for rent
947,474,1,3,51071.45,0,Revenue received
948,474,7,3,0,51071.45,Sales revenue recognised
949,475,2,3,22863.76,0,Revenue received
950,475,7,3,0,22863.76,Sales revenue recognised
951,476,1,3,57160.78,0,Revenue received
952,476,7,3,0,57160.78,Sales revenue recognised
953,477,2,3,51513.17,0,Revenue received
954,477,7,3,0,51513.17,Sales revenue recognised
955,478,1,3,40536.04,0,Revenue received
956,478,7,3,0,40536.04,Sales revenue recognised
957,479,2,3,24085.87,0,AR for service
958,479,8,3,0,24085.87,Service revenue recognised
959,480,2,3,24147.01,0,AR for service
960,480,8,3,0,24147.01,Service revenue recognised
961,481,2,3,11505.11,0,AR for service
962,481,8,3,0,11505.11,Service revenue recognised
963,482,2,3,22468.41,0,AR for service
964,482,8,3,0,22468.41,Service revenue recognised
965,483,1,4,27017.74,0,Cash collected from customers
966,483,2,4,0,27017.74,Accounts receivable cleared
967,484,1,4,28359.7,0,Cash collected from customers
968,484,2,4,0,28359.7,Accounts receivable cleared
969,485,1,4,42426.63,0,Cash collected from customers
970,485,2,4,0,42426.63,Accounts receivable cleared
971,486,1,4,37420.24,0,Cash collected from customers
972,486,2,4,0,37420.24,Accounts receivable cleared
973,487,12,2,12831.1,0,Marketing campaign spend
974,487,1,2,0,12831.1,Payment for marketing
975,488,11,1,23155.07,0,Quarterly software licenses
976,488,1,1,0,23155.07,Cash paid for software
977,489,5,4,5000,0,Loan principal repayment
978,489,1,4,0,5000,Cash paid for loan
979,490,9,1,57200.0,0,Salaries expense
980,490,1,1,0,57200.0,Cash paid for salaries
981,491,9,2,35200.0,0,Salaries expense
982,491,1,2,0,35200.0,Cash paid for salaries
983,492,9,3,41800.0,0,Salaries expense
984,492,1,3,0,41800.0,Cash paid for salaries
985,493,9,4,30800.0,0,Salaries expense
986,493,1,4,0,30800.0,Cash paid for salaries
987,494,10,4,8500,0,Monthly office rent
988,494,1,4,0,8500,Cash paid for rent
989,495,1,3,51793.73,0,Revenue received
990,495,7,3,0,51793.73,Sales revenue recognised
991,496,1,3,30787.58,0,Revenue received
992,496,7,3,0,30787.58,Sales revenue recognised
993,497,1,3,51894.07,0,Revenue received
994,497,7,3,0,51894.07,Sales revenue recognised
995,498,2,3,37199.86,0,Revenue received
996,498,7,3,0,37199.86,Sales revenue recognised
997,499,1,3,55282.23,0,Revenue received
998,499,7,3,0,55282.23,Sales revenue recognised
999,500,2,3,53033.37,0,Revenue received
1000,500,7,3,0,53033.37,Sales revenue recognised
1001,501,2,3,17856.13,0,AR for service
1002,501,8,3,0,17856.13,Service revenue recognised
1003,502,2,3,21554.48,0,AR for service
1004,502,8,3,0,21554.48,Service revenue recognised
1005,503,2,3,10424.52,0,AR for service
1006,503,8,3,0,10424.52,Service revenue recognised
1007,504,2,3,16945.78,0,AR for service
1008,504,8,3,0,16945.78,Service revenue recognised
1009,505,1,4,39319.51,0,Cash collected from customers
1010,505,2,4,0,39319.51,Accounts receivable cleared
1011,506,1,4,29911.12,0,Cash collected from customers
1012,506,2,4,0,29911.12,Accounts receivable cleared
1013,507,1,4,23974.27,0,Cash collected from customers
1014,507,2,4,0,23974.27,Accounts receivable cleared
1015,508,1,4,30050.79,0,Cash collected from customers
1016,508,2,4,0,30050.79,Accounts receivable cleared
1017,509,12,2,24875.72,0,Marketing campaign spend
1018,509,1,2,0,24875.72,Payment for marketing
1019,510,5,4,5000,0,Loan principal repayment
1020,510,1,4,0,5000,Cash paid for loan
1021,511,9,1,57200.0,0,Salaries expense
1022,511,1,1,0,57200.0,Cash paid for salaries
1023,512,9,2,35200.0,0,Salaries expense
1024,512,1,2,0,35200.0,Cash paid for salaries
1025,513,9,3,41800.0,0,Salaries expense
1026,513,1,3,0,41800.0,Cash paid for salaries
1027,514,9,4,30800.0,0,Salaries expense
1028,514,1,4,0,30800.0,Cash paid for salaries
1029,515,10,4,8500,0,Monthly office rent
1030,515,1,4,0,8500,Cash paid for rent
1031,516,1,3,21137.01,0,Revenue received
1032,516,7,3,0,21137.01,Sales revenue recognised
1033,517,2,3,54954.16,0,Revenue received
1034,517,7,3,0,54954.16,Sales revenue recognised
1035,518,1,3,50248.27,0,Revenue received
1036,518,7,3,0,50248.27,Sales revenue recognised
1037,519,2,3,38698.38,0,Revenue received
1038,519,7,3,0,38698.38,Sales revenue recognised
1039,520,2,3,56972.95,0,Revenue received
1040,520,7,3,0,56972.95,Sales revenue recognised
1041,521,2,3,12564.85,0,AR for service
1042,521,8,3,0,12564.85,Service revenue recognised
1043,522,2,3,20435.04,0,AR for service
1044,522,8,3,0,20435.04,Service revenue recognised
1045,523,2,3,13544.03,0,AR for service
1046,523,8,3,0,13544.03,Service revenue recognised
1047,524,2,3,24794.14,0,AR for service
1048,524,8,3,0,24794.14,Service revenue recognised
1049,525,1,4,27921.33,0,Cash collected from customers
1050,525,2,4,0,27921.33,Accounts receivable cleared
1051,526,1,4,24150.56,0,Cash collected from customers
1052,526,2,4,0,24150.56,Accounts receivable cleared
1053,527,1,4,25847.52,0,Cash collected from customers
1054,527,2,4,0,25847.52,Accounts receivable cleared
1055,528,12,2,23614.65,0,Marketing campaign spend
1056,528,1,2,0,23614.65,Payment for marketing
1057,529,5,4,5000,0,Loan principal repayment
1058,529,1,4,0,5000,Cash paid for loan
1059,530,9,1,57200.0,0,Salaries expense
1060,530,1,1,0,57200.0,Cash paid for salaries
1061,531,9,2,35200.0,0,Salaries expense
1062,531,1,2,0,35200.0,Cash paid for salaries
1063,532,9,3,41800.0,0,Salaries expense
1064,532,1,3,0,41800.0,Cash paid for salaries
1065,533,9,4,30800.0,0,Salaries expense
1066,533,1,4,0,30800.0,Cash paid for salaries
1067,534,10,4,8500,0,Monthly office rent
1068,534,1,4,0,8500,Cash paid for rent
1069,535,1,3,59937.35,0,Revenue received
1070,535,7,3,0,59937.35,Sales revenue recognised
1071,536,2,3,23150.84,0,Revenue received
1072,536,7,3,0,23150.84,Sales revenue recognised
1073,537,2,3,51166.06,0,Revenue received
1074,537,7,3,0,51166.06,Sales revenue recognised
1075,538,1,3,53860.31,0,Revenue received
1076,538,7,3,0,53860.31,Sales revenue recognised
1077,539,1,3,54447.97,0,Revenue received
1078,539,7,3,0,54447.97,Sales revenue recognised
1079,540,1,3,40766.91,0,Revenue received
1080,540,7,3,0,40766.91,Sales revenue recognised
1081,541,2,3,12645.86,0,AR for service
1082,541,8,3,0,12645.86,Service revenue recognised
1083,542,2,3,12893.8,0,AR for service
1084,542,8,3,0,12893.8,Service revenue recognised
1085,543,2,3,20696.11,0,AR for service
1086,543,8,3,0,20696.11,Service revenue recognised
1087,544,1,4,29697.59,0,Cash collected from customers
1088,544,2,4,0,29697.59,Accounts receivable cleared
1089,545,1,4,34035.85,0,Cash collected from customers
1090,545,2,4,0,34035.85,Accounts receivable cleared
1091,546,1,4,19295.53,0,Cash collected from customers
1092,546,2,4,0,19295.53,Accounts receivable cleared
1093,547,12,2,22052.02,0,Marketing campaign spend
1094,547,1,2,0,22052.02,Payment for marketing
1095,548,11,1,20747.95,0,Quarterly software licenses
1096,548,1,1,0,20747.95,Cash paid for software
1097,549,5,4,5000,0,Loan principal repayment
1098,549,1,4,0,5000,Cash paid for loan
1099,550,9,1,57200.0,0,Salaries expense
1100,550,1,1,0,57200.0,Cash paid for salaries
1101,551,9,2,35200.0,0,Salaries expense
1102,551,1,2,0,35200.0,Cash paid for salaries
1103,552,9,3,41800.0,0,Salaries expense
1104,552,1,3,0,41800.0,Cash paid for salaries
1105,553,9,4,30800.0,0,Salaries expense
1106,553,1,4,0,30800.0,Cash paid for salaries
1107,554,10,4,8500,0,Monthly office rent
1108,554,1,4,0,8500,Cash paid for rent
1109,555,2,3,32571.82,0,Revenue received
1110,555,7,3,0,32571.82,Sales revenue recognised
1111,556,1,3,60432.85,0,Revenue received
1112,556,7,3,0,60432.85,Sales revenue recognised
1113,557,2,3,50872.79,0,Revenue received
1114,557,7,3,0,50872.79,Sales revenue recognised
1115,558,1,3,62434.18,0,Revenue received
1116,558,7,3,0,62434.18,Sales revenue recognised
1117,559,1,3,49202.15,0,Revenue received
1118,559,7,3,0,49202.15,Sales revenue recognised
1119,560,2,3,41335.31,0,Revenue received
1120,560,7,3,0,41335.31,Sales revenue recognised
1121,561,2,3,14130.87,0,AR for service
1122,561,8,3,0,14130.87,Service revenue recognised
1123,562,2,3,25520.67,0,AR for service
1124,562,8,3,0,25520.67,Service revenue recognised
1125,563,2,3,18762.96,0,AR for service
1126,563,8,3,0,18762.96,Service revenue recognised
1127,564,2,3,18747.25,0,AR for service
1128,564,8,3,0,18747.25,Service revenue recognised
1129,565,1,4,22305.03,0,Cash collected from customers
1130,565,2,4,0,22305.03,Accounts receivable cleared
1131,566,1,4,39313.94,0,Cash collected from customers
1132,566,2,4,0,39313.94,Accounts receivable cleared
1133,567,1,4,35846.46,0,Cash collected from customers
1134,567,2,4,0,35846.46,Accounts receivable cleared
1135,568,1,4,40625.77,0,Cash collected from customers
1136,568,2,4,0,40625.77,Accounts receivable cleared
1137,569,12,2,20103.45,0,Marketing campaign spend
1138,569,1,2,0,20103.45,Payment for marketing
1139,570,5,4,5000,0,Loan principal repayment
1140,570,1,4,0,5000,Cash paid for loan
1141,571,9,1,57200.0,0,Salaries expense
1142,571,1,1,0,57200.0,Cash paid for salaries
1143,572,9,2,35200.0,0,Salaries expense
1144,572,1,2,0,35200.0,Cash paid for salaries
1145,573,9,3,41800.0,0,Salaries expense
1146,573,1,3,0,41800.0,Cash paid for salaries
1147,574,9,4,30800.0,0,Salaries expense
1148,574,1,4,0,30800.0,Cash paid for salaries
1149,575,10,4,8500,0,Monthly office rent
1150,575,1,4,0,8500,Cash paid for rent
1151,576,2,3,31061.0,0,Revenue received
1152,576,7,3,0,31061.0,Sales revenue recognised
1153,577,1,3,50879.42,0,Revenue received
1154,577,7,3,0,50879.42,Sales revenue recognised
1155,578,2,3,51012.94,0,Revenue received
1156,578,7,3,0,51012.94,Sales revenue recognised
1157,579,1,3,60627.04,0,Revenue received
1158,579,7,3,0,60627.04,Sales revenue recognised
1159,580,2,3,55667.97,0,Revenue received
1160,580,7,3,0,55667.97,Sales revenue recognised
1161,581,2,3,13726.47,0,AR for service
1162,581,8,3,0,13726.47,Service revenue recognised
1163,582,2,3,19518.08,0,AR for service
1164,582,8,3,0,19518.08,Service revenue recognised
1165,583,2,3,15819.67,0,AR for service
1166,583,8,3,0,15819.67,Service revenue recognised
1167,584,1,4,29688.55,0,Cash collected from customers
1168,584,2,4,0,29688.55,Accounts receivable cleared
1169,585,1,4,22248.79,0,Cash collected from customers
1170,585,2,4,0,22248.79,Accounts receivable cleared
1171,586,1,4,21800.74,0,Cash collected from customers
1172,586,2,4,0,21800.74,Accounts receivable cleared
1173,587,1,4,41592.61,0,Cash collected from customers
1174,587,2,4,0,41592.61,Accounts receivable cleared
1175,588,12,2,16620.04,0,Marketing campaign spend
1176,588,1,2,0,16620.04,Payment for marketing
1177,589,5,4,5000,0,Loan principal repayment
1178,589,1,4,0,5000,Cash paid for loan
1179,590,9,1,57200.0,0,Salaries expense
1180,590,1,1,0,57200.0,Cash paid for salaries
1181,591,9,2,35200.0,0,Salaries expense
1182,591,1,2,0,35200.0,Cash paid for salaries
1183,592,9,3,41800.0,0,Salaries expense
1184,592,1,3,0,41800.0,Cash paid for salaries
1185,593,9,4,30800.0,0,Salaries expense
1186,593,1,4,0,30800.0,Cash paid for salaries
1187,594,10,4,8500,0,Monthly office rent
1188,594,1,4,0,8500,Cash paid for rent
1189,595,2,3,56888.31,0,Revenue received
1190,595,7,3,0,56888.31,Sales revenue recognised
1191,596,1,3,55530.47,0,Revenue received
1192,596,7,3,0,55530.47,Sales revenue recognised
1193,597,1,3,61042.97,0,Revenue received
1194,597,7,3,0,61042.97,Sales revenue recognised
1195,598,2,3,58545.33,0,Revenue received
1196,598,7,3,0,58545.33,Sales revenue recognised
1197,599,2,3,23785.82,0,AR for service
1198,599,8,3,0,23785.82,Service revenue recognised
1199,600,2,3,31348.59,0,AR for service
1200,600,8,3,0,31348.59,Service revenue recognised
1201,601,2,3,27121.53,0,AR for service
1202,601,8,3,0,27121.53,Service revenue recognised
1203,602,1,4,17520.37,0,Cash collected from customers
1204,602,2,4,0,17520.37,Accounts receivable cleared
1205,603,1,4,27978.53,0,Cash collected from customers
1206,603,2,4,0,27978.53,Accounts receivable cleared
1207,604,1,4,39865.96,0,Cash collected from customers
1208,604,2,4,0,39865.96,Accounts receivable cleared
1209,605,1,4,23846.58,0,Cash collected from customers
1210,605,2,4,0,23846.58,Accounts receivable cleared
1211,606,12,2,16112.49,0,Marketing campaign spend
1212,606,4,2,0,16112.49,Payment for marketing
1213,607,11,1,23965.45,0,Quarterly software licenses
1214,607,1,1,0,23965.45,Cash paid for software
1215,608,5,4,5000,0,Loan principal repayment
1216,608,1,4,0,5000,Cash paid for loan
1217,609,9,1,57200.0,0,Salaries expense
1218,609,1,1,0,57200.0,Cash paid for salaries
1219,610,9,2,35200.0,0,Salaries expense
1220,610,1,2,0,35200.0,Cash paid for salaries
1221,611,9,3,41800.0,0,Salaries expense
1222,611,1,3,0,41800.0,Cash paid for salaries
1223,612,9,4,30800.0,0,Salaries expense
1224,612,1,4,0,30800.0,Cash paid for salaries
1225,613,10,4,8500,0,Monthly office rent
1226,613,1,4,0,8500,Cash paid for rent
1227,614,2,3,24736.93,0,Revenue received
1228,614,7,3,0,24736.93,Sales revenue recognised
1229,615,2,3,27947.23,0,Revenue received
1230,615,7,3,0,27947.23,Sales revenue recognised
1231,616,1,3,28833.72,0,Revenue received
1232,616,7,3,0,28833.72,Sales revenue recognised
1233,617,1,3,65743.91,0,Revenue received
1234,617,7,3,0,65743.91,Sales revenue recognised
1235,618,2,3,27193.0,0,AR for service
1236,618,8,3,0,27193.0,Service revenue recognised
1237,619,2,3,16067.86,0,AR for service
1238,619,8,3,0,16067.86,Service revenue recognised
1239,620,2,3,28930.11,0,AR for service
1240,620,8,3,0,28930.11,Service revenue recognised
1241,621,2,3,24674.18,0,AR for service
1242,621,8,3,0,24674.18,Service revenue recognised
1243,622,1,4,15342.23,0,Cash collected from customers
1244,622,2,4,0,15342.23,Accounts receivable cleared
1245,623,1,4,20657.37,0,Cash collected from customers
1246,623,2,4,0,20657.37,Accounts receivable cleared
1247,624,1,4,41775.99,0,Cash collected from customers
1248,624,2,4,0,41775.99,Accounts receivable cleared
1249,625,1,4,24845.36,0,Cash collected from customers
1250,625,2,4,0,24845.36,Accounts receivable cleared
1251,626,12,2,18760.93,0,Marketing campaign spend
1252,626,1,2,0,18760.93,Payment for marketing
1253,627,5,4,5000,0,Loan principal repayment
1254,627,1,4,0,5000,Cash paid for loan
1255,628,9,1,57200.0,0,Salaries expense
1256,628,1,1,0,57200.0,Cash paid for salaries
1257,629,9,2,35200.0,0,Salaries expense
1258,629,1,2,0,35200.0,Cash paid for salaries
1259,630,9,3,41800.0,0,Salaries expense
1260,630,1,3,0,41800.0,Cash paid for salaries
1261,631,9,4,30800.0,0,Salaries expense
1262,631,1,4,0,30800.0,Cash paid for salaries
1263,632,10,4,8500,0,Monthly office rent
1264,632,1,4,0,8500,Cash paid for rent
1265,633,1,3,66597.86,0,Revenue received
1266,633,7,3,0,66597.86,Sales revenue recognised
1267,634,1,3,43305.98,0,Revenue received
1268,634,7,3,0,43305.98,Sales revenue recognised
1269,635,1,3,51687.4,0,Revenue received
1270,635,7,3,0,51687.4,Sales revenue recognised
1271,636,2,3,58369.0,0,Revenue received
1272,636,7,3,0,58369.0,Sales revenue recognised
1273,637,2,3,13859.56,0,AR for service
1274,637,8,3,0,13859.56,Service revenue recognised
1275,638,2,3,26341.36,0,AR for service
1276,638,8,3,0,26341.36,Service revenue recognised
1277,639,2,3,17646.81,0,AR for service
1278,639,8,3,0,17646.81,Service revenue recognised
1279,640,1,4,23862.52,0,Cash collected from customers
1280,640,2,4,0,23862.52,Accounts receivable cleared
1281,641,1,4,37112.94,0,Cash collected from customers
1282,641,2,4,0,37112.94,Accounts receivable cleared
1283,642,1,4,14481.66,0,Cash collected from customers
1284,642,2,4,0,14481.66,Accounts receivable cleared
1285,643,12,2,29950.21,0,Marketing campaign spend
1286,643,1,2,0,29950.21,Payment for marketing
1287,644,5,4,5000,0,Loan principal repayment
1288,644,1,4,0,5000,Cash paid for loan
1289,645,9,1,57200.0,0,Salaries expense
1290,645,1,1,0,57200.0,Cash paid for salaries
1291,646,9,2,35200.0,0,Salaries expense
1292,646,1,2,0,35200.0,Cash paid for salaries
1293,647,9,3,41800.0,0,Salaries expense
1294,647,1,3,0,41800.0,Cash paid for salaries
1295,648,9,4,30800.0,0,Salaries expense
1296,648,1,4,0,30800.0,Cash paid for salaries
1297,649,10,4,8500,0,Monthly office rent
1298,649,1,4,0,8500,Cash paid for rent
1299,650,2,3,67885.13,0,Revenue received
1300,650,7,3,0,67885.13,Sales revenue recognised
1301,651,2,3,64086.44,0,Revenue received
1302,651,7,3,0,64086.44,Sales revenue recognised
1303,652,2,3,25624.0,0,Revenue received
1304,652,7,3,0,25624.0,Sales revenue recognised
1305,653,1,3,61688.55,0,Revenue received
1306,653,7,3,0,61688.55,Sales revenue recognised
1307,654,1,3,27997.56,0,Revenue received
1308,654,7,3,0,27997.56,Sales revenue recognised
1309,655,2,3,50337.66,0,Revenue received
1310,655,7,3,0,50337.66,Sales revenue recognised
1311,656,2,3,39863.34,0,AR for service
1312,656,8,3,0,39863.34,Service revenue recognised
1313,657,2,3,33721.34,0,AR for service
1314,657,8,3,0,33721.34,Service revenue recognised
1315,658,2,3,37655.25,0,AR for service
1316,658,8,3,0,37655.25,Service revenue recognised
1317,659,1,4,27591.62,0,Cash collected from customers
1318,659,2,4,0,27591.62,Accounts receivable cleared
1319,660,1,4,15297.14,0,Cash collected from customers
1320,660,2,4,0,15297.14,Accounts receivable cleared
1321,661,1,4,38802.2,0,Cash collected from customers
1322,661,2,4,0,38802.2,Accounts receivable cleared
1323,662,1,4,34159.61,0,Cash collected from customers
1324,662,2,4,0,34159.61,Accounts receivable cleared
1325,663,12,2,27404.84,0,Marketing campaign spend
1326,663,1,2,0,27404.84,Payment for marketing
1327,664,11,1,18443.38,0,Quarterly software licenses
1328,664,1,1,0,18443.38,Cash paid for software
1329,665,5,4,5000,0,Loan principal repayment
1330,665,1,4,0,5000,Cash paid for loan
1331,666,9,1,57200.0,0,Salaries expense
1332,666,1,1,0,57200.0,Cash paid for salaries
1333,667,9,2,35200.0,0,Salaries expense
1334,667,1,2,0,35200.0,Cash paid for salaries
1335,668,9,3,41800.0,0,Salaries expense
1336,668,1,3,0,41800.0,Cash paid for salaries
1337,669,9,4,30800.0,0,Salaries expense
1338,669,1,4,0,30800.0,Cash paid for salaries
1339,670,10,4,8500,0,Monthly office rent
1340,670,1,4,0,8500,Cash paid for rent
1341,671,1,3,56291.25,0,Revenue received
1342,671,7,3,0,56291.25,Sales revenue recognised
1343,672,1,3,43763.33,0,Revenue received
1344,672,7,3,0,43763.33,Sales revenue recognised
1345,673,1,3,47380.58,0,Revenue received
1346,673,7,3,0,47380.58,Sales revenue recognised
1347,674,2,3,64241.01,0,Revenue received
1348,674,7,3,0,64241.01,Sales revenue recognised
1349,675,1,3,57177.54,0,Revenue received
1350,675,7,3,0,57177.54,Sales revenue recognised
1351,676,1,3,67837.66,0,Revenue received
1352,676,7,3,0,67837.66,Sales revenue recognised
1353,677,2,3,24897.68,0,AR for service
1354,677,8,3,0,24897.68,Service revenue recognised
1355,678,2,3,26014.9,0,AR for service
1356,678,8,3,0,26014.9,Service revenue recognised
1357,679,2,3,33788.05,0,AR for service
1358,679,8,3,0,33788.05,Service revenue recognised
1359,680,1,4,23400.68,0,Cash collected from customers
1360,680,2,4,0,23400.68,Accounts receivable cleared
1361,681,1,4,25179.87,0,Cash collected from customers
1362,681,2,4,0,25179.87,Accounts receivable cleared
1363,682,1,4,34180.45,0,Cash collected from customers
1364,682,2,4,0,34180.45,Accounts receivable cleared
1365,683,1,4,16333.44,0,Cash collected from customers
1366,683,2,4,0,16333.44,Accounts receivable cleared
1367,684,12,2,14944.36,0,Marketing campaign spend
1368,684,1,2,0,14944.36,Payment for marketing
1369,685,5,4,5000,0,Loan principal repayment
1370,685,1,4,0,5000,Cash paid for loan
1371,686,9,1,57200.0,0,Salaries expense
1372,686,1,1,0,57200.0,Cash paid for salaries
1373,687,9,2,35200.0,0,Salaries expense
1374,687,1,2,0,35200.0,Cash paid for salaries
1375,688,9,3,41800.0,0,Salaries expense
1376,688,1,3,0,41800.0,Cash paid for salaries
1377,689,9,4,30800.0,0,Salaries expense
1378,689,1,4,0,30800.0,Cash paid for salaries
1379,690,10,4,8500,0,Monthly office rent
1380,690,1,4,0,8500,Cash paid for rent
1381,691,1,3,27819.85,0,Revenue received
1382,691,7,3,0,27819.85,Sales revenue recognised
1383,692,2,3,41216.81,0,Revenue received
1384,692,7,3,0,41216.81,Sales revenue recognised
1385,693,1,3,68240.81,0,Revenue received
1386,693,7,3,0,68240.81,Sales revenue recognised
1387,694,1,3,67966.82,0,Revenue received
1388,694,7,3,0,67966.82,Sales revenue recognised
1389,695,2,3,39129.43,0,Revenue received
1390,695,7,3,0,39129.43,Sales revenue recognised
1391,696,2,3,53550.99,0,Revenue received
1392,696,7,3,0,53550.99,Sales revenue recognised
1393,697,2,3,19560.94,0,AR for service
1394,697,8,3,0,19560.94,Service revenue recognised
1395,698,2,3,23104.41,0,AR for service
1396,698,8,3,0,23104.41,Service revenue recognised
1397,699,2,3,23595.58,0,AR for service
1398,699,8,3,0,23595.58,Service revenue recognised
1399,700,2,3,21090.25,0,AR for service
1400,700,8,3,0,21090.25,Service revenue recognised
1401,701,1,4,38740.47,0,Cash collected from customers
1402,701,2,4,0,38740.47,Accounts receivable cleared
1403,702,1,4,37970.69,0,Cash collected from customers
1404,702,2,4,0,37970.69,Accounts receivable cleared
1405,703,1,4,33839.33,0,Cash collected from customers
1406,703,2,4,0,33839.33,Accounts receivable cleared
1407,704,1,4,15156.11,0,Cash collected from customers
1408,704,2,4,0,15156.11,Accounts receivable cleared
1409,705,12,2,26320.42,0,Marketing campaign spend
1410,705,1,2,0,26320.42,Payment for marketing
1411,706,5,4,5000,0,Loan principal repayment
1412,706,1,4,0,5000,Cash paid for loan
1413,707,3,1,15000,0,Office equipment purchased
1414,707,1,1,0,15000,Payment for equipment
1415,708,3,1,35000,0,Office equipment purchased
1416,708,5,1,0,35000,Payment for equipment
1417,709,3,1,12000,0,Office equipment purchased
1418,709,1,1,0,12000,Payment for equipment
1419,710,3,1,28000,0,Office equipment purchased
1420,710,5,1,0,28000,Payment for equipment
1421,711,3,1,18000,0,Office equipment purchased
1422,711,1,1,0,18000,Payment for equipment
1423,712,3,1,42000,0,Office equipment purchased
1424,712,5,1,0,42000,Payment for equipment
